"Status","Start Time","Stop Time","Duration in ms","Parent Suite","Suite","Sub Suite","Test Class","Test Method","Name","Description"
"failed","Tue Oct 29 13:54:02 GMT 2024","Tue Oct 29 13:54:03 GMT 2024","126","","test_API","","","","test_add_reaction_to_nonexistent_message",""
"failed","Tue Oct 29 13:54:02 GMT 2024","Tue Oct 29 13:54:02 GMT 2024","0","","test_API","","","","test_create_message_with_text_and_attachment",""
"failed","Tue Oct 29 13:54:02 GMT 2024","Tue Oct 29 13:54:02 GMT 2024","116","","test_API","","","","test_get_messages_array",""
"failed","Tue Oct 29 13:54:02 GMT 2024","Tue Oct 29 13:54:02 GMT 2024","93","","test_API","","","","test_get_message_with_invalid_id",""
"failed","Tue Oct 29 13:54:02 GMT 2024","Tue Oct 29 13:54:02 GMT 2024","0","","test_API","","","","test_get_message",""
"failed","Tue Oct 29 13:54:02 GMT 2024","Tue Oct 29 13:54:02 GMT 2024","107","","test_API","","","","test_create_message_without_content",""
"failed","Tue Oct 29 13:54:02 GMT 2024","Tue Oct 29 13:54:02 GMT 2024","0","","test_API","","","","test_remove_reaction",""
"failed","Tue Oct 29 13:54:02 GMT 2024","Tue Oct 29 13:54:02 GMT 2024","0","","test_API","","","","test_add_reaction",""
"failed","Tue Oct 29 13:54:03 GMT 2024","Tue Oct 29 13:54:03 GMT 2024","211","","test_API","","","","test_remove_reaction_from_nonexistent_message",""
